,Rk,Player,Tm,Age,Pos,G,GS,Tgt,Rec,Ctch%,Yds,Y/R,TD,1D,Lng,Y/Tgt,R/G,Y/G,Fmb
0,1,Michael Thomas,NOR,26,WR,16,15,185,149,80.5%,1725,11.6,9,91,49,9.3,9.3,107.8,1
1,2,Christian McCaffrey,CAR,23,RB,16,16,142,116,81.7%,1005,8.7,4,58,28,7.1,7.3,62.8,1
2,3,Keenan Allen,LAC,27,WR,16,16,149,104,69.8%,1199,11.5,6,63,45,8.0,6.5,74.9,0
3,4,DeAndre Hopkins,HOU,27,WR,15,15,150,104,69.3%,1165,11.2,7,68,43,7.8,6.9,77.7,0
4,5,Julian Edelman,NWE,33,WR,16,13,153,100,65.4%,1117,11.2,6,54,44,7.3,6.3,69.8,3
5,6,Julio Jones,ATL,30,WR,15,15,157,99,63.1%,1394,14.1,6,77,54,8.9,6.6,92.9,1
6,7,Allen Robinson,CHI,26,WR,16,15,154,98,63.6%,1147,11.7,7,63,49,7.4,6.1,71.7,0
7,8,Travis Kelce,KAN,30,TE,16,16,136,97,71.3%,1229,12.7,5,65,47,9.0,6.1,76.8,1
8,9,Cooper Kupp,LAR,26,WR,16,14,134,94,70.1%,1161,12.4,10,51,66,8.7,5.9,72.6,3
9,10,Austin Ekeler,LAC,24,RB,16,8,108,92,85.2%,993,10.8,8,42,84,9.2,5.8,62.1,3
10,11,Tyler Boyd,CIN,25,WR,16,15,148,90,60.8%,1046,11.6,5,51,47,7.1,5.6,65.4,2
11,12,Darren Waller,OAK,27,TE,16,16,117,90,76.9%,1145,12.7,3,53,75,9.8,5.6,71.6,1
12,13,Robert Woods,LAR,27,WR,15,15,139,90,64.7%,1134,12.6,2,54,48,8.2,6.0,75.6,0
13,14,Zach Ertz,PHI,29,TE,15,15,135,88,65.2%,916,10.4,6,50,30,6.8,5.9,61.1,1
14,15,D.J. Moore,CAR,22,WR,15,15,135,87,64.4%,1175,13.5,4,63,52,8.7,5.8,78.3,2
15,16,Chris Godwin,TAM,23,WR,14,14,121,86,71.1%,1333,15.5,9,63,71,11.0,6.1,95.2,0
16,17,George Kittle,SFO,26,TE,14,14,107,85,79.4%,1053,12.4,5,53,61,9.8,6.1,75.2,1
17,18,Davante Adams,GNB,27,WR,12,12,127,83,65.4%,997,12.0,5,54,58,7.9,6.9,83.1,2
18,19,Jarvis Landry,CLE,27,WR,16,16,138,83,60.1%,1174,14.1,6,55,65,8.5,5.2,73.4,0
19,20,Tyler Lockett,SEA,27,WR,16,16,110,82,74.5%,1057,12.9,8,53,44,9.6,5.1,66.1,1
20,21,Alvin Kamara,NOR,24,RB,14,9,97,81,83.5%,533,6.6,1,28,41,5.5,5.8,38.1,4
21,22,Tarik Cohen,CHI,24,RB,16,11,104,79,76.0%,456,5.8,3,18,31,4.4,4.9,28.5,3
22,23,Amari Cooper,DAL,25,WR,16,16,119,79,66.4%,1189,15.1,8,54,53,10.0,4.9,74.3,0
23,24,Jamison Crowder,NYJ,26,WR,16,12,122,78,63.9%,833,10.7,6,41,41,6.8,4.9,52.1,0
24,25,Leonard Fournette,JAX,24,RB,15,15,100,76,76.0%,522,6.9,0,23,27,5.2,5.1,34.8,1
25,26,Larry Fitzgerald,ARI,36,WR,16,16,109,75,68.8%,804,10.7,4,40,54,7.4,4.7,50.3,1
26,27,Austin Hooper,ATL,25,TE,13,10,97,75,77.3%,787,10.5,6,41,35,8.1,5.8,60.5,0
27,28,Odell Beckham,CLE,27,WR,16,15,133,74,55.6%,1035,14.0,4,44,89,7.8,4.6,64.7,1
28,29,DJ Chark,JAX,23,WR,15,14,118,73,61.9%,1008,13.8,8,42,69,8.5,4.9,67.2,0
30,30,John Brown,BUF,29,WR,15,15,115,72,62.6%,1060,14.7,6,53,53,9.2,4.8,70.7,0
31,31,DeVante Parker,MIA,26,WR,16,14,128,72,56.3%,1202,16.7,9,58,51,9.4,4.5,75.1,0
32,32,Courtland Sutton,DEN,24,WR,16,14,124,72,58.1%,1112,15.4,6,50,70,9.0,4.5,69.5,2
33,33,James White,NWE,27,RB/rb,15,1,95,72,75.8%,645,9.0,5,31,59,6.8,4.8,43.0,1
34,34,Tyler Higbee,LAR,26,TE,15,15,89,69,77.5%,734,10.6,3,36,33,8.2,4.6,48.9,0
35,35,Christian Kirk,ARI,23,WR,13,13,108,68,63.0%,709,10.4,3,31,69,6.6,5.2,54.5,0
36,36,Cole Beasley,BUF,30,WR,15,10,106,67,63.2%,778,11.6,6,37,51,7.3,4.5,51.9,0
37,37,Mike Evans,TAM,26,WR,13,13,118,67,56.8%,1157,17.3,8,54,67,9.8,5.2,89.0,0
38,38,Le'Veon Bell,NYJ,27,RB,15,15,78,66,84.6%,461,7.0,1,20,23,5.9,4.4,30.7,1
39,39,Michael Gallup,DAL,23,WR,14,12,113,66,58.4%,1107,16.8,6,50,62,9.8,4.7,79.1,0
41,41,Dede Westbrook,JAX,26,WR,15,11,101,66,65.3%,660,10.0,3,31,39,6.5,4.4,44.0,1
42,42,Kenny Golladay,DET,26,WR,16,16,116,65,56.0%,1190,18.3,11,52,75,10.3,4.1,74.4,1
43,43,Mark Andrews,BAL,23,TE/te,15,4,98,64,65.3%,852,13.3,10,44,51,8.7,4.3,56.8,2
44,44,Stefon Diggs,MIN,26,WR,15,15,94,63,67.0%,1130,17.9,6,41,66,12.0,4.2,75.3,4
45,45,Calvin Ridley,ATL,25,WR,13,10,93,63,67.7%,866,13.7,7,47,36,9.3,4.8,66.6,0
46,46,Jason Witten,DAL,37,TE,16,16,83,63,75.9%,529,8.4,4,27,33,6.4,3.9,33.1,1
47,47,Danny Amendola,DET,34,WR,15,10,97,62,63.9%,678,10.9,1,36,47,7.0,4.1,45.2,0
48,48,Marvin Jones,DET,29,WR,13,11,91,62,68.1%,779,12.6,9,41,47,8.6,4.8,59.9,0
49,49,Devonta Freeman,ATL,27,RB,14,14,70,59,84.3%,410,6.9,4,17,28,5.9,4.2,29.3,3
50,50,Diontae Johnson,PIT,23,WR,16,12,92,59,64.1%,680,11.5,5,31,45,7.4,3.7,42.5,5
52,52,Dallas Goedert,PHI,24,TE,15,9,87,58,66.7%,607,10.5,5,33,28,7.0,3.9,40.5,2
53,53,Tyreek Hill,KAN,25,WR,12,12,89,58,65.2%,860,14.8,7,39,57,9.7,4.8,71.7,0
54,54,Terry McLaurin,WAS,24,WR,14,14,93,58,62.4%,919,15.8,7,43,75,9.9,4.1,65.6,0
55,55,D.K. Metcalf,SEA,22,WR,16,15,100,58,58.0%,900,15.5,7,39,54,9.0,3.6,56.3,3
56,56,Deebo Samuel,SFO,23,WR,15,11,81,57,70.4%,802,14.1,3,32,42,9.9,3.8,53.5,2
57,57,Sterling Shepard,NYG,26,WR,10,10,83,57,68.7%,576,10.1,3,29,36,6.9,5.7,57.6,0
58,58,Randall Cobb,DAL,29,WR/wr,15,6,83,55,66.3%,828,15.1,3,41,59,10.0,3.7,55.2,2
59,59,Hunter Henry,LAC,25,TE,12,12,76,55,72.4%,652,11.9,5,36,30,8.6,4.6,54.3,1
61,60,Ezekiel Elliott,DAL,24,RB,16,16,71,54,76.1%,420,7.8,2,21,27,5.9,3.4,26.3,3
62,61,Curtis Samuel,CAR,23,WR,16,15,105,54,51.4%,627,11.6,6,36,44,6.0,3.4,39.2,0
63,62,Dalvin Cook,MIN,24,RB,14,14,63,53,84.1%,519,9.8,0,26,31,8.2,3.8,37.1,4
64,63,Robby Anderson,NYJ,26,WR,16,15,96,52,54.2%,779,15.0,5,35,92,8.1,3.3,48.7,1
65,64,Saquon Barkley,NYG,22,RB,13,13,73,52,71.2%,438,8.4,2,14,65,6.0,4.0,33.7,1
66,65,A.J. Brown,TEN,22,WR,16,11,84,52,61.9%,1051,20.2,8,39,91,12.5,3.3,65.7,1
67,66,Anthony Miller,CHI,25,WR/wr,16,7,85,52,61.2%,656,12.6,2,34,35,7.7,3.3,41.0,1
68,67,Greg Olsen,CAR,34,TE,14,14,82,52,63.4%,597,11.5,2,34,41,7.3,3.7,42.6,0
69,68,Sammy Watkins,KAN,26,WR,14,13,90,52,57.8%,673,12.9,3,30,68,7.5,3.7,48.1,2
70,69,Mike Gesicki,MIA,24,TE/te,16,5,89,51,57.3%,570,11.2,5,25,34,6.4,3.2,35.6,1
72,71,Miles Sanders,PHI,22,RB,16,11,63,50,79.4%,509,10.2,3,19,45,8.1,3.1,31.8,2
73,72,Will Fuller,HOU,25,WR,11,11,71,49,69.0%,670,13.7,3,26,54,9.4,4.5,60.9,1
74,73,Russell Gage,ATL,23,WR/wr,16,4,74,49,66.2%,446,9.1,1,25,19,6.0,3.1,27.9,1
75,74,Aaron Jones,GNB,25,RB,16,16,68,49,72.1%,474,9.7,3,18,67,7.0,3.1,29.6,3
76,75,Hunter Renfrow,OAK,24,WR/wr,13,4,71,49,69.0%,605,12.3,4,30,65,8.5,3.8,46.5,1
77,76,Golden Tate,NYG,31,WR,11,10,85,49,57.6%,676,13.8,6,30,64,8.0,4.5,61.5,1
78,77,Mike Williams,LAC,25,WR,15,15,90,49,54.4%,1001,20.4,2,41,56,11.1,3.3,66.7,0
79,78,Darius Slayton,NYG,22,WR,14,9,84,48,57.1%,740,15.4,8,32,55,8.8,3.4,52.9,0
80,79,Chris Conley,JAX,27,WR,16,14,90,47,52.2%,775,16.5,5,36,70,8.6,2.9,48.4,0
81,80,Jaylen Samuels,PIT,23,RB/rb,14,4,57,47,82.5%,305,6.5,1,19,27,5.4,3.4,21.8,1
82,81,Marquise Brown,BAL,22,WR,14,11,71,46,64.8%,584,12.7,7,24,83,8.2,3.3,41.7,0
83,82,T.Y. Hilton,IND,30,WR,10,10,68,45,66.2%,501,11.1,5,24,35,7.4,4.5,50.1,0
84,83,Evan Engram,NYG,25,TE/te,8,6,68,44,64.7%,467,10.6,3,23,75,6.9,5.5,58.4,0
85,84,Nyheim Hines,IND,23,RB/rb,16,2,58,44,75.9%,320,7.3,0,15,21,5.5,2.8,20.0,1
86,85,Duke Johnson,HOU,26,RB/rb,16,2,62,44,71.0%,410,9.3,3,18,21,6.6,2.8,25.6,1
87,86,James Washington,PIT,23,WR,15,10,80,44,55.0%,735,16.7,3,31,79,9.2,2.9,49.0,1
88,87,Jared Cook,NOR,32,TE/te,14,7,65,43,66.2%,705,16.4,9,32,61,10.8,3.1,50.4,0
89,88,Corey Davis,TEN,24,WR,15,11,69,43,62.3%,601,14.0,2,33,38,8.7,2.9,40.1,1
90,89,Jack Doyle,IND,29,TE,16,16,72,43,59.7%,448,10.4,4,29,23,6.2,2.7,28.0,1
92,90,Tyler Eifert,CIN,29,TE/te,16,4,63,43,68.3%,436,10.1,3,24,27,6.9,2.7,27.3,0
93,91,Alex Erickson,CIN,27,WR/wr,16,6,78,43,55.1%,529,12.3,0,26,52,6.8,2.7,33.1,4
94,92,Royce Freeman,DEN,23,RB,16,0,50,43,86.0%,256,6.0,1,10,19,5.1,2.7,16.0,0
95,93,Alshon Jeffery,PHI,29,WR,10,10,73,43,58.9%,490,11.4,4,36,38,6.7,4.3,49.0,0
96,94,Albert Wilson,MIA,27,WR/wr,13,4,62,43,69.4%,351,8.2,1,22,35,5.7,3.3,27.0,0
97,95,Brandin Cooks,LAR,26,WR,14,14,72,42,58.3%,583,13.9,2,32,57,8.1,3.0,41.6,0
98,96,Melvin Gordon,LAC,26,RB,12,11,55,42,76.4%,296,7.0,1,11,25,5.4,3.5,24.7,4
99,97,JuJu Smith-Schuster,PIT,23,WR,12,12,70,42,60.0%,552,13.1,3,23,76,7.9,3.5,46.0,1
100,98,Chris Thompson,WAS,29,RB,11,0,58,42,72.4%,378,9.0,0,16,39,6.5,3.8,34.4,1
101,99,Tyrell Williams,OAK,27,WR,14,12,64,42,65.6%,651,15.5,6,33,46,10.2,3.0,46.5,0
102,100,Jacob Hollister,SEA,26,TE/te,11,3,59,41,69.5%,349,8.5,3,16,22,5.9,3.7,31.7,0
103,101,Zach Pascal,IND,25,WR,16,13,72,41,56.9%,607,14.8,5,29,37,8.4,2.6,37.9,0
104,102,Noah Fant,DEN,22,TE,16,11,66,40,60.6%,562,14.1,3,23,75,8.5,2.5,35.1,1
105,103,Kenny Stills,HOU,27,WR/wr,13,5,55,40,72.7%,561,14.0,4,27,45,10.2,3.1,43.2,0
106,104,Auden Tate,CIN,22,WR,12,10,80,40,50.0%,575,14.4,1,29,33,7.2,3.3,47.9,1
107,105,Nelson Agholor,PHI,26,WR,11,10,69,39,56.5%,363,9.3,3,17,43,5.3,3.5,33.0,2
108,106,Kyle Rudolph,MIN,30,TE,16,16,48,39,81.3%,367,9.4,6,24,32,7.6,2.4,22.9,0
109,107,Jamaal Williams,GNB,24,RB/rb,14,2,45,39,86.7%,253,6.5,5,16,17,5.6,2.8,18.1,0
110,108,Jimmy Graham,GNB,33,TE,16,10,60,38,63.3%,447,11.8,3,23,48,7.5,2.4,27.9,1
111,109,Vance McDonald,PIT,29,TE,14,14,55,38,69.1%,273,7.2,3,12,22,5.0,2.7,19.5,1
112,110,Chris Carson,SEA,25,RB,15,15,47,37,78.7%,266,7.2,2,10,21,5.7,2.5,17.7,7
113,111,Gerald Everett,LAR,25,TE/te,13,2,60,37,61.7%,408,11.0,2,22,33,6.8,2.8,31.4,0
114,112,Adam Humphries,TEN,26,WR/wr,12,3,47,37,78.7%,374,10.1,2,20,30,8.0,3.1,31.2,1
115,113,Kareem Hunt,CLE,24,RB/rb,8,3,44,37,84.1%,285,7.7,1,17,29,6.5,4.6,35.6,1
116,114,Jordan Akins,HOU,27,TE,16,9,55,36,65.5%,418,11.6,2,21,53,7.6,2.3,26.1,0
117,115,Cameron Brate,TAM,28,TE/te,16,6,55,36,65.5%,311,8.6,4,21,37,5.7,2.3,19.4,0
118,116,Nick Chubb,CLE,24,RB,16,16,49,36,73.5%,278,7.7,0,13,32,5.7,2.3,17.4,3
119,117,David Johnson,ARI,28,RB,13,9,47,36,76.6%,370,10.3,4,17,31,7.9,2.8,28.5,1
120,118,Breshad Perriman,TAM,26,WR/wr,14,4,69,36,52.2%,645,17.9,6,29,44,9.3,2.6,46.1,0
121,119,Jalen Richard,OAK,26,RB,16,0,43,36,83.7%,323,9.0,0,15,33,7.5,2.3,20.2,2
123,120,Irv Smith,MIN,21,TE/te,16,7,47,36,76.6%,311,8.6,2,17,29,6.6,2.3,19.4,1
124,121,Demaryius Thomas,NYJ,32,WR,11,10,58,36,62.1%,433,12.0,1,22,47,7.5,3.3,39.4,0
125,122,DeAndre Washington,OAK,26,RB/rb,16,3,41,36,87.8%,292,8.1,0,10,28,7.1,2.3,18.3,0
126,123,Allen Lazard,GNB,24,WR/wr,16,3,52,35,67.3%,477,13.6,3,24,43,9.2,2.2,29.8,0
127,124,Phillip Lindsay,DEN,25,RB,16,16,48,35,72.9%,196,5.6,0,9,36,4.1,2.2,12.3,0
128,125,Joe Mixon,CIN,23,RB,16,15,45,35,77.8%,287,8.2,3,14,33,6.4,2.2,17.9,0
129,126,Dare Ogunbowale,TAM,25,RB,16,0,46,35,76.1%,286,8.2,0,14,21,6.2,2.2,17.9,2
130,127,Jonnu Smith,TEN,24,TE,16,14,44,35,79.5%,439,12.5,3,16,57,10.0,2.2,27.4,0
131,128,Geronimo Allison,GNB,25,WR/wr,16,6,55,34,61.8%,287,8.4,2,16,31,5.2,2.1,17.9,2
132,129,James Conner,PIT,24,RB,10,10,38,34,89.5%,251,7.4,3,14,26,6.6,3.4,25.1,1
133,130,Darren Fells,HOU,33,TE,16,14,48,34,70.8%,341,10.0,7,22,24,7.1,2.1,21.3,0
134,131,Ryan Griffin,NYJ,29,TE,13,13,41,34,82.9%,320,9.4,5,19,45,7.8,2.6,24.6,0
135,132,O.J. Howard,TAM,25,TE,14,14,53,34,64.2%,459,13.5,1,23,33,8.7,2.4,32.8,1
136,133,J.D. McKissic,DET,26,RB/rb,16,3,42,34,81.0%,233,6.9,1,7,26,5.5,2.1,14.6,0
137,134,Latavius Murray,NOR,29,RB,16,8,43,34,79.1%,235,6.9,1,9,30,5.5,2.1,14.7,0
138,135,Steven Sims,WAS,22,WR/wr,16,2,56,34,60.7%,310,9.1,4,18,65,5.5,2.1,19.4,1
139,136,Damiere Byrd,ARI,26,WR/wr,11,3,46,32,69.6%,359,11.2,1,16,58,7.8,2.9,32.6,1
140,137,T.J. Hockenson,DET,22,TE/te,12,7,59,32,54.2%,367,11.5,2,19,39,6.2,2.7,30.6,0
141,138,Allen Hurns,MIA,28,WR/wr,14,7,47,32,68.1%,416,13.0,2,18,27,8.9,2.3,29.7,1
142,139,Demarcus Robinson,KAN,25,WR,16,10,55,32,58.2%,449,14.0,4,19,44,8.2,2.0,28.1,0
143,140,Preston Williams,MIA,22,WR/wr,8,7,60,32,53.3%,428,13.4,3,24,35,7.1,4.0,53.5,2
144,141,Nick Boyle,BAL,26,TE,16,15,43,31,72.1%,321,10.4,2,13,35,7.5,1.9,20.1,0
145,142,Eric Ebron,IND,26,TE/te,11,2,52,31,59.6%,375,12.1,3,20,48,7.2,2.8,34.1,0
146,143,Todd Gurley,LAR,25,RB,15,15,49,31,63.3%,207,6.7,2,8,23,4.2,2.1,13.8,3
147,144,Blake Jarwin,DAL,25,TE/te,16,7,41,31,75.6%,365,11.8,3,17,42,8.9,1.9,22.8,1
148,145,Olabisi Johnson,MIN,22,WR/wr,16,6,45,31,68.9%,294,9.5,3,17,23,6.5,1.9,18.4,0
149,146,Ronald Jones,TAM,22,RB,16,9,40,31,77.5%,309,10.0,0,12,41,7.7,1.9,19.3,3
150,147,Kaden Smith,NYG,22,TE/te,9,6,42,31,73.8%,268,8.6,3,12,32,6.4,3.4,29.8,2
151,148,Willie Snead,BAL,27,WR,16,11,46,31,67.4%,339,10.9,5,20,50,7.4,1.9,21.2,0
152,149,Giovani Bernard,CIN,28,RB/rb,16,2,43,30,69.8%,234,7.8,0,7,35,5.4,1.9,14.6,2
154,150,Kendrick Bourne,SFO,24,WR,16,0,44,30,68.2%,358,11.9,5,23,30,8.1,1.9,22.4,0
155,151,Ted Ginn,NOR,34,WR,16,9,56,30,53.6%,421,14.0,2,20,45,7.5,1.9,26.3,0
156,152,Kelvin Harmon,WAS,23,WR,16,8,44,30,68.2%,365,12.2,0,16,30,8.3,1.9,22.8,0
157,153,Hayden Hurst,BAL,26,TE/te,16,4,39,30,76.9%,349,11.6,2,16,61,8.9,1.9,21.8,0
158,154,Adam Thielen,MIN,29,WR,10,10,48,30,62.5%,418,13.9,6,18,44,8.7,3.0,41.8,0
159,155,Damien Williams,KAN,27,RB/rb,11,6,37,30,81.1%,213,7.1,2,10,32,5.8,2.7,19.4,1
160,156,Phillip Dorsett,NWE,26,WR/wr,14,4,54,29,53.7%,397,13.7,5,17,58,7.4,2.1,28.4,0
161,157,Taylor Gabriel,CHI,28,WR/wr,9,7,48,29,60.4%,353,12.2,4,17,53,7.4,3.2,39.2,0
162,158,Devin Singletary,BUF,22,RB,12,8,41,29,70.7%,194,6.7,2,5,49,4.7,2.4,16.2,4
163,159,DaeSean Hamilton,DEN,24,WR/wr,16,2,52,28,53.8%,297,10.6,1,19,28,5.7,1.8,18.6,0
164,160,Dawson Knox,BUF,23,TE,15,11,50,28,56.0%,388,13.9,2,15,49,7.8,1.9,25.9,0
165,161,LeSean McCoy,KAN,31,RB,13,9,34,28,82.4%,181,6.5,1,6,23,5.3,2.2,13.9,3
166,162,Paul Richardson,WAS,27,WR/wr,10,6,42,28,66.7%,245,8.8,2,13,22,5.8,2.8,24.5,0
167,163,John Ross,CIN,25,WR,8,8,56,28,50.0%,506,18.1,3,22,66,9.0,3.5,63.3,1
168,164,Greg Ward,PHI,24,WR/wr,7,3,40,28,70.0%,254,9.1,1,18,38,6.4,4.0,36.3,0
169,165,Jarius Wright,CAR,30,WR,16,9,58,28,48.3%,296,10.6,0,16,33,5.1,1.8,18.5,0
170,166,Rex Burkhead,NWE,29,RB/rb,13,1,38,27,71.1%,279,10.3,0,10,32,7.3,2.1,21.5,1
173,169,Isaiah McKenzie,BUF,24,WR,15,8,39,27,69.2%,254,9.4,1,12,46,6.5,1.8,16.9,0
174,170,C.J. Uzomah,CIN,26,TE,16,16,40,27,67.5%,242,9.0,2,12,36,6.1,1.7,15.1,0
175,171,Mecole Hardman,KAN,21,WR/wr,16,5,41,26,63.4%,538,20.7,6,18,83,13.1,1.6,33.6,2
176,172,Mark Ingram,BAL,30,RB,15,15,29,26,89.7%,247,9.5,5,16,25,8.5,1.7,16.5,2
177,173,Jakobi Meyers,NWE,23,WR/wr,15,1,41,26,63.4%,359,13.8,0,17,35,8.8,1.7,23.9,0
178,174,Trey Quinn,WAS,24,WR/wr,12,6,47,26,55.3%,198,7.6,1,10,19,4.2,2.2,16.5,1
179,175,Jeremy Sprinkle,WAS,25,TE,16,13,40,26,65.0%,241,9.3,1,13,23,6.0,1.6,15.1,1
180,176,Marquez Valdes-Scantling,GNB,25,WR,16,10,56,26,46.4%,452,17.4,2,14,74,8.1,1.6,28.3,0
182,178,Josh Hill,NOR,29,TE,16,11,35,25,71.4%,226,9.0,3,13,29,6.5,1.6,14.1,0
183,179,Dion Lewis,TEN,29,RB/rb,16,1,32,25,78.1%,164,6.6,1,7,24,5.1,1.6,10.3,1
185,180,David Montgomery,CHI,22,RB,16,8,35,25,71.4%,185,7.4,1,7,30,5.3,1.6,11.6,2
186,181,Tajae Sharpe,TEN,25,WR/wr,15,6,35,25,71.4%,329,13.2,4,20,47,9.4,1.7,21.9,0
187,182,Keelan Cole,JAX,26,WR/wr,16,1,35,24,68.6%,361,15.0,3,19,55,10.3,1.5,22.6,0
188,183,Ty Johnson,DET,22,RB/rb,16,1,31,24,77.4%,109,4.5,0,4,13,3.5,1.5,6.8,1
189,184,Cody Latimer,NYG,27,WR,15,10,42,24,57.1%,300,12.5,2,19,43,7.1,1.6,20.0,0
190,185,Boston Scott,PHI,24,RB/rb,11,2,26,24,92.3%,204,8.5,0,10,39,7.8,2.2,18.5,4
191,186,Will Dissly,SEA,23,TE/te,6,6,27,23,85.2%,262,11.4,4,14,38,9.7,3.8,43.7,1
192,187,Isaiah Ford,MIA,23,WR,8,0,35,23,65.7%,244,10.6,0,16,28,7.0,2.9,30.5,0
193,188,Bennie Fowler,NYG,28,WR/wr,8,2,36,23,63.9%,193,8.4,0,12,17,5.4,2.9,24.1,0
194,189,Patrick Laird,MIA,24,RB/rb,15,4,30,23,76.7%,204,8.9,0,13,21,6.8,1.5,13.6,0
195,190,Keke Coutee,HOU,22,WR/wr,9,4,36,22,61.1%,254,11.5,0,10,51,7.1,2.4,28.2,1
196,191,Tevin Coleman,SFO,26,RB,14,11,30,21,70.0%,180,8.6,1,9,37,6.0,1.5,12.9,0
197,192,KeeSean Johnson,ARI,23,WR/wr,10,4,42,21,50.0%,187,8.9,1,10,31,4.5,2.1,18.7,1
198,193,Foster Moreau,OAK,22,TE/te,13,7,25,21,84.0%,174,8.3,5,14,23,7.0,1.6,13.4,0
199,194,Josh Reynolds,LAR,24,WR/wr,16,2,43,21,48.8%,326,15.5,1,15,31,7.6,1.3,20.4,0
200,195,Seth Roberts,BAL,28,WR,16,0,35,21,60.0%,271,12.9,2,18,33,7.7,1.3,16.9,0
201,196,Delanie Walker,TEN,35,TE/te,7,4,31,21,67.7%,215,10.2,2,11,29,6.9,3.0,30.7,1
202,197,Josh Jacobs,OAK,21,RB,13,13,27,20,74.1%,166,8.3,0,8,28,6.1,1.5,12.8,1
203,198,Kyle Juszczyk,SFO,28,FB/RB/rb,12,12,24,20,83.3%,239,12.0,1,11,49,10.0,1.7,19.9,0
204,199,Matt Breida,SFO,24,RB/rb,13,5,22,19,86.4%,120,6.3,1,6,17,5.5,1.5,9.2,2
205,200,Jakeem Grant,MIA,27,WR/wr,10,2,33,19,57.6%,164,8.6,0,9,18,5.0,1.9,16.4,2
206,201,Justin Hardy,ATL,28,WR/wr,16,1,26,19,73.1%,195,10.3,0,9,23,7.5,1.2,12.2,0
208,203,Parris Campbell,IND,22,WR/wr,7,3,24,18,75.0%,127,7.1,1,6,27,5.3,2.6,18.1,3
209,204,Charles Clay,ARI,30,TE,15,10,24,18,75.0%,237,13.2,1,12,47,9.9,1.2,15.8,0
210,205,Rhett Ellison,NYG,31,TE/te,10,7,28,18,64.3%,167,9.3,1,4,31,6.0,1.8,16.7,0
211,206,Derrick Henry,TEN,25,RB,15,15,24,18,75.0%,206,11.4,2,4,75,8.6,1.2,13.7,5
212,207,Tre'Quan Smith,NOR,23,WR/wr,11,6,25,18,72.0%,234,13.0,5,17,32,9.4,1.6,21.3,0
213,208,Javon Wims,CHI,25,WR/wr,16,6,39,18,46.2%,186,10.3,1,9,37,4.8,1.1,11.6,0
216,210,Marcus Johnson,IND,25,WR/wr,8,6,33,17,51.5%,277,16.3,2,12,50,8.4,2.1,34.6,0
217,211,David Moore,SEA,24,WR/wr,14,1,34,17,50.0%,301,17.7,2,14,60,8.9,1.2,21.5,2
218,212,Adrian Peterson,WAS,34,RB,15,15,23,17,73.9%,142,8.4,0,7,22,6.2,1.1,9.5,3
219,213,Vyncint Smith,NYJ,23,WR/wr,13,4,31,17,54.8%,225,13.2,0,11,37,7.3,1.3,17.3,1
221,215,Ben Watson,NWE,39,TE,10,8,24,17,70.8%,173,10.2,0,9,26,7.2,1.7,17.3,0
222,216,Peyton Barber,TAM,25,RB/rb,16,7,24,16,66.7%,115,7.2,1,4,16,4.8,1.0,7.2,1
223,217,Jaron Brown,SEA,29,WR/wr,14,4,28,16,57.1%,220,13.8,2,10,48,7.9,1.1,15.7,1
224,218,Jesse James,DET,25,TE,16,11,27,16,59.3%,142,8.9,0,8,23,5.3,1.0,8.9,0
225,219,Tim Patrick,DEN,26,WR/wr,8,2,31,16,51.6%,218,13.6,0,14,38,7.0,2.0,27.3,0
226,220,Chester Rogers,IND,25,WR/wr,12,6,28,16,57.1%,179,11.2,2,11,27,6.4,1.3,14.9,2
227,221,Ian Thomas,CAR,23,TE/te,16,3,30,16,53.3%,136,8.5,1,10,19,4.5,1.0,8.5,0
228,222,Logan Thomas,DET,28,TE/te,16,3,28,16,57.1%,173,10.8,1,10,17,6.2,1.0,10.8,0
229,223,Ameer Abdullah,MIN,26,RB,16,0,21,15,71.4%,88,5.9,1,5,16,4.2,0.9,5.5,1
230,224,Ross Dwelley,SFO,24,TE/te,16,6,22,15,68.2%,91,6.1,2,8,25,4.1,0.9,5.7,0
231,225,Demetrius Harris,CLE,28,TE/te,15,6,27,15,55.6%,149,9.9,3,10,23,5.5,1.0,9.9,0
232,226,Marcedes Lewis,GNB,35,TE,16,11,19,15,78.9%,156,10.4,1,8,25,8.2,0.9,9.8,0
233,227,Tony Pollard,DAL,22,RB,15,0,20,15,75.0%,107,7.1,1,4,21,5.4,1.0,7.1,1
234,228,Malik Turner,SEA,23,WR/wr,15,3,22,15,68.2%,245,16.3,1,10,33,11.1,1.0,16.3,0
235,229,Mark Walton,MIA,22,RB/rb,7,4,21,15,71.4%,89,5.9,0,3,18,4.2,2.1,12.7,1
236,230,Justin Watson,TAM,24,WR/wr,16,2,26,15,57.7%,159,10.6,2,10,17,6.1,0.9,9.9,0
237,231,Darrel Williams,KAN,24,RB,12,0,19,15,78.9%,167,11.1,1,7,52,8.8,1.3,13.9,1
238,232,Maxx Williams,ARI,25,TE,16,10,19,15,78.9%,202,13.5,1,11,28,10.6,0.9,12.6,0
239,233,Ryquell Armstead,JAX,23,RB/rb,16,1,24,14,58.3%,144,10.3,2,9,31,6.0,0.9,9.0,0
240,234,Kalen Ballage,MIA,24,RB/rb,12,6,24,14,58.3%,63,4.5,0,4,13,2.6,1.2,5.3,0
241,235,Trey Burton,CHI,28,TE/te,8,5,24,14,58.3%,84,6.0,0,5,16,3.5,1.8,10.5,0
242,236,Anthony Firkser,TEN,24,TE/te,15,1,24,14,58.3%,204,14.6,1,9,39,8.5,0.9,13.6,0
243,237,Jeff Heuerman,DEN,27,TE,14,11,20,14,70.0%,114,8.1,1,9,26,5.7,1.0,8.1,0
244,238,Marlon Mack,IND,23,RB,14,12,17,14,82.4%,82,5.9,0,2,14,4.8,1.0,5.9,0
245,239,Raheem Mostert,SFO,27,RB,16,0,22,14,63.6%,180,12.9,2,6,39,8.2,0.9,11.3,2
247,240,James O'Shaughnessy,JAX,27,TE/te,5,5,20,14,70.0%,153,10.9,2,7,35,7.7,2.8,30.6,0
248,241,Ricky Seals-Jones,CLE,24,TE/te,14,3,22,14,63.6%,229,16.4,4,10,59,10.4,1.0,16.4,1
249,242,Tavon Austin,DAL,29,WR,14,0,24,13,54.2%,177,13.6,1,8,59,7.4,0.9,12.6,1
250,243,Miles Boykin,BAL,23,WR,16,11,22,13,59.1%,198,15.2,3,10,50,9.0,0.8,12.4,0
251,244,Derek Carrier,OAK,29,TE/te,16,4,19,13,68.4%,108,8.3,1,4,25,5.7,0.8,6.8,0
252,245,Frank Gore,BUF,36,RB,16,8,16,13,81.3%,100,7.7,0,5,18,6.3,0.8,6.3,0
253,246,Matt LaCosse,NWE,27,TE,11,8,19,13,68.4%,131,10.1,1,6,24,6.9,1.2,11.9,0
254,247,Scott Miller,TAM,22,WR/wr,10,2,26,13,50.0%,200,15.4,1,5,48,7.7,1.3,20.0,0
255,248,Ty Montgomery,NYJ,26,RB/rb,16,2,17,13,76.5%,90,6.9,0,3,21,5.3,0.8,5.6,0
257,250,Geoff Swaim,JAX,26,TE/te,6,2,17,13,76.5%,65,5.0,0,1,9,3.8,2.2,10.8,0
258,251,T.J. Yeldon,BUF,26,RB,6,0,15,13,86.7%,124,9.5,0,6,23,8.3,2.2,20.7,1
259,252,Seth Devalve,JAX,26,TE/te,12,6,18,12,66.7%,140,11.7,0,7,20,7.8,1.0,11.7,0
260,253,Chase Edmonds,ARI,23,RB/rb,13,2,21,12,57.1%,105,8.8,1,5,31,5.0,0.9,8.1,0
261,254,Marquise Goodwin,SFO,29,WR/wr,9,6,21,12,57.1%,186,15.5,1,10,38,8.9,1.3,20.7,0
262,255,N'Keal Harry,NWE,22,WR/wr,7,5,24,12,50.0%,105,8.8,2,7,18,4.4,1.7,15.0,0
263,256,Dontrell Hilliard,CLE,24,RB,14,0,15,12,80.0%,92,7.7,0,4,19,6.1,0.9,6.6,2
265,258,Jake Kumerow,GNB,27,WR/wr,14,4,21,12,57.1%,219,18.3,1,8,49,10.4,0.9,15.6,0
266,259,Sony Michel,NWE,24,RB,16,14,20,12,60.0%,94,7.8,0,7,19,4.7,0.8,5.9,2
267,260,Byron Pringle,KAN,26,WR,16,0,16,12,75.0%,170,14.2,1,7,28,10.6,0.8,10.6,0
268,261,Damion Ratley,CLE,24,WR/wr,13,3,24,12,50.0%,200,16.7,1,11,46,8.3,0.9,15.4,0
269,262,Duke Williams,BUF,26,WR/wr,4,3,19,12,63.2%,166,13.8,1,8,41,8.7,3.0,41.5,0
270,263,Christian Blake,ATL,23,WR/wr,9,3,24,11,45.8%,91,8.3,0,5,13,3.8,1.2,10.1,0
271,264,DeAndre Carter,HOU,26,WR/wr,16,3,14,11,78.6%,162,14.7,0,6,46,11.6,0.7,10.1,2
272,265,Keelan Doss,OAK,23,WR/wr,8,2,14,11,78.6%,133,12.1,0,6,31,9.5,1.4,16.6,0
273,266,Wayne Gallman,NYG,25,RB/rb,10,2,15,11,73.3%,102,9.3,1,4,21,6.8,1.1,10.2,1
274,267,Travis Homer,SEA,21,RB/rb,16,1,13,11,84.6%,56,5.1,0,3,11,4.3,0.7,3.5,0
275,268,Cordarrelle Patterson,CHI,28,WR/wr,16,4,17,11,64.7%,83,7.5,0,3,33,4.9,0.7,5.2,0
276,269,Dante Pettis,SFO,24,WR/wr,11,4,24,11,45.8%,109,9.9,2,7,21,4.5,1.0,9.9,0
278,270,Ito Smith,ATL,24,RB,7,0,14,11,78.6%,87,7.9,0,2,11,6.2,1.6,12.4,0
279,271,JJ Arcega-Whiteside,PHI,23,WR/wr,16,5,22,10,45.5%,169,16.9,1,7,30,7.7,0.6,10.6,0
280,272,Vernon Davis,WAS,35,TE/te,4,1,19,10,52.6%,123,12.3,1,4,48,6.5,2.5,30.8,0
281,273,Brian Hill,ATL,24,RB/rb,12,2,14,10,71.4%,69,6.9,1,4,12,4.9,0.8,5.8,0
283,275,Jordan Howard,PHI,25,RB/rb,10,4,14,10,71.4%,69,6.9,1,3,20,4.9,1.0,6.9,0
284,276,Carlos Hyde,HOU,29,RB,16,14,16,10,62.5%,42,4.2,0,2,14,2.6,0.6,2.6,4
285,277,Kerryon Johnson,DET,22,RB/rb,8,7,15,10,66.7%,127,12.7,1,7,36,8.5,1.3,15.9,1
286,278,Alexander Mattison,MIN,21,RB,13,0,12,10,83.3%,82,8.2,0,3,17,6.8,0.8,6.3,1
287,279,C.J. Prosise,SEA,25,RB,9,0,12,10,83.3%,76,7.6,0,3,21,6.3,1.1,8.4,1
288,280,Robert Tonyan,GNB,25,TE/te,11,1,15,10,66.7%,100,10.0,1,4,28,6.7,0.9,9.1,0
290,282,Brandon Bolden,NWE,29,RB/rb,15,2,11,9,81.8%,111,12.3,1,6,29,10.1,0.6,7.4,0
292,284,Jaeden Graham,ATL,24,TE,16,0,10,9,90.0%,149,16.6,1,7,53,14.9,0.6,9.3,0
293,285,Virgil Green,LAC,31,TE/te,15,4,13,9,69.2%,78,8.7,1,4,15,6.0,0.6,5.2,0
294,286,Andy Isabella,ARI,23,WR/wr,15,1,13,9,69.2%,189,21.0,1,4,88,14.5,0.6,12.6,0
295,287,DeSean Jackson,PHI,33,WR/wr,3,3,10,9,90.0%,159,17.7,2,6,53,15.9,3.0,53.0,0
296,288,Justin Jackson,LAC,24,RB,7,0,11,9,81.8%,22,2.4,0,0,9,2.0,1.3,3.1,0
297,289,Joshua Perkins,PHI,26,TE,5,0,13,9,69.2%,87,9.7,1,5,24,6.7,1.8,17.4,0
298,290,Kalif Raymond,TEN,25,WR/wr,8,1,12,9,75.0%,170,18.9,1,6,52,14.2,1.1,21.3,1
299,291,Adam Shaheen,CHI,25,TE/te,8,2,13,9,69.2%,74,8.2,0,3,18,5.7,1.1,9.3,1
300,292,Wendell Smallwood,WAS,25,RB,15,0,13,9,69.2%,64,7.1,0,4,18,4.9,0.6,4.3,0
301,293,Darwin Thompson,KAN,23,RB,12,0,10,9,90.0%,43,4.8,0,2,19,4.3,0.8,3.6,0
302,294,Laquon Treadwell,MIN,24,WR/wr,13,1,16,9,56.3%,184,20.4,1,8,58,11.5,0.7,14.2,0
303,295,Damion Willis,CIN,22,WR/wr,10,2,16,9,56.3%,82,9.1,0,3,17,5.1,0.9,8.2,0
304,296,Mo Alie-Cox,IND,26,TE/te,16,2,11,8,72.7%,93,11.6,0,5,21,8.5,0.5,5.8,0
306,298,Blake Bell,KAN,28,TE/te,15,7,15,8,53.3%,67,8.4,0,3,30,4.5,0.5,4.5,0
307,299,Antonio Callaway,CLE,22,WR/wr,4,2,15,8,53.3%,89,11.1,0,3,41,5.9,2.0,22.3,0
309,300,Tyler Conklin,MIN,24,TE/te,15,1,10,8,80.0%,58,7.3,0,2,20,5.8,0.5,3.9,0
311,302,Hale Hentges,WAS,23,TE/te,11,4,14,8,57.1%,103,12.9,1,6,24,7.4,0.7,9.4,0
312,303,Justice Hill,BAL,22,RB,16,0,15,8,53.3%,70,8.8,0,5,14,4.7,0.5,4.4,0
313,304,Chris Hogan,CAR,32,WR/wr,7,1,15,8,53.3%,67,8.4,0,3,13,4.5,1.1,9.6,0
314,305,Jesper Horsted,CHI,22,TE/te/WR,6,1,10,8,80.0%,87,10.9,1,4,20,8.7,1.3,14.5,1
315,306,Rashaad Penny,SEA,23,RB,10,0,11,8,72.7%,83,10.4,1,3,30,7.5,0.8,8.3,1
317,308,Luke Stocker,ATL,31,TE,15,9,14,8,57.1%,53,6.6,0,2,18,3.8,0.5,3.5,1
318,309,Tommy Sweeney,BUF,24,TE/te,6,1,13,8,61.5%,114,14.3,0,4,29,8.8,1.3,19.0,0
319,310,Ryan Switzer,PIT,25,WR,9,0,11,8,72.7%,27,3.4,0,2,8,2.5,0.9,3.0,1
320,311,Luke Willson,SEA,29,TE/te,8,7,10,8,80.0%,79,9.9,0,5,17,7.9,1.0,9.9,0
321,312,Brandon Zylstra,CAR,26,WR,8,0,12,8,66.7%,106,13.3,0,5,40,8.8,1.0,13.3,1
322,313,Daniel Brown,NYJ,27,TE/te,16,5,11,7,63.6%,72,10.3,1,4,24,6.5,0.4,4.5,0
324,315,Gus Edwards,BAL,24,RB/rb,16,1,7,7,100.0%,45,6.4,0,2,10,6.4,0.4,2.8,2
325,316,Myles Gaskin,MIA,22,RB,7,0,12,7,58.3%,51,7.3,0,2,20,4.3,1.0,7.3,0
326,317,Derrius Guice,WAS,22,RB/rb,5,1,9,7,77.8%,79,11.3,1,2,45,8.8,1.4,15.8,0
327,318,Marvin Hall,DET,26,WR,9,0,11,7,63.6%,261,37.3,1,7,58,23.7,0.8,29.0,0
329,320,Bilal Powell,NYJ,31,RB/rb,13,1,12,7,58.3%,33,4.7,0,0,9,2.8,0.5,2.5,0
330,321,Durham Smythe,MIA,24,TE,16,14,14,7,50.0%,65,9.3,0,2,24,4.6,0.4,4.1,0
332,323,Jordan Wilkins,IND,25,RB/rb,14,1,11,7,63.6%,43,6.1,0,1,11,3.9,0.5,3.1,0
333,324,Kenjon Barner,ATL,29,RB,14,0,8,6,75.0%,22,3.7,0,1,13,2.8,0.4,1.6,4
334,325,Travis Benjamin,LAC,30,WR/wr,5,2,16,6,37.5%,30,5.0,0,3,13,1.9,1.2,6.0,0
335,326,Braxton Berrios,NYJ,24,WR,16,0,13,6,46.2%,115,19.2,0,3,69,8.8,0.4,7.2,1
336,327,Reggie Bonnafon,CAR,23,RB,16,0,9,6,66.7%,57,9.5,0,1,32,6.3,0.4,3.6,0
337,328,Devontae Booker,DEN,27,RB,16,0,9,6,66.7%,57,9.5,0,1,25,6.3,0.4,3.6,0
338,329,Ben Braunecker,CHI,25,TE/te,11,3,11,6,54.5%,59,9.8,1,5,18,5.4,0.5,5.4,0
340,330,Trey Edmunds,PIT,25,RB/TE,11,0,7,6,85.7%,48,8.0,0,2,11,6.9,0.5,4.4,0
341,331,Troy Fumagalli,DEN,24,TE/te,11,5,9,6,66.7%,38,6.3,1,1,9,4.2,0.5,3.5,0
342,332,Deonte Harris,NOR,22,WR/wr,14,1,6,6,100.0%,24,4.0,0,2,13,4.0,0.4,1.7,3
344,334,Ryan Izzo,NWE,24,TE/te,6,4,9,6,66.7%,114,19.0,1,4,41,12.7,1.0,19.0,0
345,335,Richie James,SFO,24,WR/wr,16,1,10,6,60.0%,165,27.5,1,5,57,16.5,0.4,10.3,1
346,336,D'Ernest Johnson,CLE,23,RB,16,0,7,6,85.7%,71,11.8,0,1,27,10.1,0.4,4.4,0
347,337,Tyler Kroft,BUF,27,TE/te,11,3,14,6,42.9%,71,11.8,1,5,20,5.1,0.5,6.5,0
348,338,Zach Line,NOR,29,FB/fb/RB,12,2,10,6,60.0%,36,6.0,0,1,12,3.6,0.5,3.0,0
349,339,Andre Patton,LAC,25,WR/wr,13,5,17,6,35.3%,56,9.3,0,4,15,3.3,0.5,4.3,0
350,340,MyCole Pruitt,TEN,27,TE,16,10,8,6,75.0%,90,15.0,1,4,42,11.3,0.4,5.6,0
351,341,Riley Ridley,CHI,23,WR,5,0,7,6,85.7%,69,11.5,0,4,32,9.9,1.2,13.8,0
352,342,Diontae Spencer,DEN,27,WR/wr,16,2,8,6,75.0%,31,5.2,0,1,20,3.9,0.4,1.9,3
353,343,Darren Sproles,PHI,36,RB/rb,6,1,10,6,60.0%,24,4.0,0,1,7,2.4,1.0,4.0,1
354,344,Marcell Ateman,OAK,25,WR,11,0,10,5,50.0%,116,23.2,0,4,36,11.6,0.5,10.5,1
355,345,Stephen Carlson,CLE,23,TE/te,9,5,7,5,71.4%,51,10.2,1,2,21,7.3,0.6,5.7,0
358,348,David Njoku,CLE,23,TE/te,4,1,10,5,50.0%,41,8.2,1,3,18,4.1,1.3,10.3,0
359,349,Drew Sample,CIN,23,TE/te,9,2,6,5,83.3%,30,6.0,0,1,21,5.0,0.6,3.3,0
360,350,Devin Smith,DAL,27,WR/wr,4,2,9,5,55.6%,113,22.6,1,4,51,12.6,1.3,28.3,0
361,351,Spencer Ware,KAN,28,RB/rb,3,1,7,5,71.4%,22,4.4,0,1,18,3.1,1.7,7.3,1
362,352,Jonathan Williams,IND,25,RB/rb,9,1,5,5,100.0%,59,11.8,0,3,31,11.8,0.6,6.6,0
363,353,Cedrick Wilson,DAL,24,WR,6,0,8,5,62.5%,46,9.2,0,2,14,5.8,0.8,7.7,0
365,355,Khari Blasingame,TEN,23,FB/fb/RB/rb,6,3,5,4,80.0%,54,13.5,0,2,24,10.8,0.7,9.0,0
366,356,Antonio Brown,NWE,31,WR,1,0,8,4,50.0%,56,14.0,1,3,20,7.0,4.0,56.0,0
368,358,Michael Crabtree,ARI,32,WR/wr,2,1,5,4,80.0%,22,5.5,0,0,9,4.4,2.0,11.0,0
369,359,Ryan Grant,OAK,29,WR/wr,2,1,9,4,44.4%,14,3.5,0,1,9,1.6,2.0,7.0,0
371,360,Darrell Henderson,LAR,22,RB,13,0,6,4,66.7%,37,9.3,0,1,14,6.2,0.3,2.8,0
372,361,Rashard Higgins,CLE,25,WR/wr,10,1,11,4,36.4%,55,13.8,1,3,35,5.0,0.4,5.5,0
373,362,KhaDarel Hodge,CLE,24,WR/wr,16,1,10,4,40.0%,76,19.0,0,3,41,7.6,0.3,4.8,0
374,363,Tevin Jones,PIT,27,WR,5,0,10,4,40.0%,61,15.3,0,1,28,6.1,0.8,12.2,0
377,366,Johnny Mundt,LAR,25,TE/te,13,2,7,4,57.1%,26,6.5,0,1,9,3.7,0.3,2.0,0
378,367,JJ Nelson,OAK,27,WR/wr,2,1,5,4,80.0%,36,9.0,1,1,29,7.2,2.0,18.0,0
379,368,Trent Sherfield,ARI,23,WR/wr,16,1,13,4,30.8%,80,20.0,0,4,38,6.2,0.3,5.0,0
380,369,Lee Smith,BUF,32,TE/te,16,5,5,4,80.0%,31,7.8,1,2,9,6.2,0.3,1.9,0
381,370,Ross Travis,IND,26,TE/te,3,1,6,4,66.7%,51,12.8,0,1,25,8.5,1.3,17.0,1
382,371,Clive Walford,MIA,28,TE/te,7,3,8,4,50.0%,57,14.3,0,4,19,7.1,0.6,8.1,0
383,372,DeAndrew White,CAR,28,WR,10,0,9,4,44.4%,51,12.8,0,3,18,5.7,0.4,5.1,0
384,373,Mike Boone,MIN,24,RB/rb,16,2,4,3,75.0%,17,5.7,0,0,7,4.3,0.2,1.1,0
385,374,Cody Core,NYG,25,WR,16,0,5,3,60.0%,28,9.3,0,2,11,5.6,0.2,1.8,0
386,375,Geremy Davis,LAC,27,WR/wr,7,1,3,3,100.0%,38,12.7,0,1,19,12.7,0.4,5.4,0
387,376,Robert Foster,BUF,25,WR/wr,13,2,18,3,16.7%,64,21.3,0,3,24,3.6,0.2,4.9,0
388,377,Devin Funchess,IND,25,WR/wr,1,1,5,3,60.0%,32,10.7,0,2,16,6.4,3.0,32.0,0
389,378,Jon Hilliman,NYG,24,RB/rb,3,1,4,3,75.0%,1,0.3,0,0,5,0.3,1.0,0.3,2
390,379,Johnny Holton,PIT,28,WR/wr,16,3,15,3,20.0%,21,7.0,0,1,18,1.4,0.2,1.3,0
391,380,T.J. Jones,NYG,27,WR,3,0,4,3,75.0%,38,12.7,1,2,28,9.5,1.0,12.7,3
392,381,Lance Kendricks,LAC,31,TE/te,12,1,7,3,42.9%,50,16.7,0,3,24,7.1,0.3,4.2,0
393,382,Chris Lacy,DET,23,WR/wr,7,2,10,3,30.0%,60,20.0,0,2,48,6.0,0.4,8.6,0
394,383,Marqise Lee,JAX,28,WR/wr,6,1,4,3,75.0%,18,6.0,0,2,8,4.5,0.5,3.0,0
395,384,Chris Moore,BAL,26,WR/wr,14,1,5,3,60.0%,21,7.0,0,0,13,4.2,0.2,1.5,0
396,385,Stanley Morgan,CIN,23,WR,11,0,10,3,30.0%,18,6.0,0,0,9,1.8,0.3,1.6,0
397,386,Josh Oliver,JAX,22,TE/te,4,1,6,3,50.0%,15,5.0,0,0,6,2.5,0.8,3.8,0
398,387,Devine Ozigbo,JAX,23,RB,10,0,5,3,60.0%,23,7.7,0,1,12,4.6,0.3,2.3,0
399,388,Andre Roberts,BUF,31,WR,13,0,7,3,42.9%,20,6.7,0,1,7,2.9,0.2,1.5,1
400,389,Russell Shepard,NYG,29,WR,3,0,8,3,37.5%,25,8.3,0,1,12,3.1,1.0,8.3,0
402,390,Benny Snell,PIT,21,RB/rb,13,2,4,3,75.0%,23,7.7,0,0,14,5.8,0.2,1.8,1
404,392,Bobo Wilson,TAM,24,WR/wr,6,1,11,3,27.3%,35,11.7,0,2,14,3.2,0.5,5.8,3
405,393,Jeff Wilson,SFO,24,RB,10,0,5,3,60.0%,34,11.3,1,1,25,6.8,0.3,3.4,0
406,394,Deon Yelder,KAN,24,TE/te,9,1,4,3,75.0%,50,16.7,0,2,24,12.5,0.3,5.6,0
407,395,Olamide Zaccheaus,ATL,22,WR,10,0,5,3,60.0%,115,38.3,1,2,93,23.0,0.3,11.5,0
408,396,Alex Armah,CAR,25,FB/fb/RB,16,1,2,2,100.0%,6,3.0,0,0,4,3.0,0.1,0.4,0
409,397,Chad Beebe,MIN,25,WR,3,0,2,2,100.0%,70,35.0,0,2,61,35.0,0.7,23.3,3
410,398,Josh Bellamy,NYJ,30,WR,7,0,3,2,66.7%,20,10.0,0,1,15,6.7,0.3,2.9,0
412,400,C.J. Board,JAX,26,WR,4,0,4,2,50.0%,31,15.5,0,1,23,7.8,0.5,7.8,0
413,401,Fred Brown,DEN,26,WR/wr,13,1,3,2,66.7%,21,10.5,0,1,16,7.0,0.2,1.6,1
414,402,Malcolm Brown,LAR,26,RB/rb,14,1,6,2,33.3%,16,8.0,0,0,10,2.7,0.1,1.1,0
415,403,Pharaoh Brown,CLE,25,TE/te,9,6,3,2,66.7%,27,13.5,0,1,18,9.0,0.2,3.0,0
416,404,Deontay Burnett,PHI,22,WR/wr,1,1,4,2,50.0%,48,24.0,0,1,41,12.0,2.0,48.0,0
417,405,Cethan Carter,CIN,24,TE,15,0,3,2,66.7%,13,6.5,1,2,8,4.3,0.1,0.9,0
419,407,Ashton Dulin,IND,22,WR,13,0,2,2,100.0%,17,8.5,0,0,13,8.5,0.2,1.3,0
421,409,Rico Gafford,OAK,23,WR/wr,4,1,2,2,100.0%,66,33.0,1,2,49,33.0,0.5,16.5,0
422,410,Wes Hills,DET,24,RB/rb,1,1,2,2,100.0%,1,0.5,0,0,2,0.5,2.0,1.0,0
423,411,Alexander Hollins,MIN,23,WR/wr,5,1,4,2,50.0%,46,23.0,0,2,35,11.5,0.4,9.2,0
424,412,Cody Hollister,TEN,26,WR,5,0,2,2,100.0%,13,6.5,0,0,11,6.5,0.4,2.6,0
425,413,Tanner Hudson,TAM,25,TE/te,9,1,5,2,40.0%,26,13.0,0,1,14,5.2,0.2,2.9,0
426,414,Ishmael Hyman,TAM,24,WR/wr,2,1,4,2,50.0%,34,17.0,0,2,31,8.5,1.0,17.0,0
427,415,Darius Jennings,TEN,27,WR,8,0,5,2,40.0%,17,8.5,0,2,11,3.4,0.3,2.1,0
428,416,T.J. Logan,TAM,25,RB,12,0,3,2,66.7%,13,6.5,0,1,11,4.3,0.2,1.1,0
429,417,Steven Mitchell,HOU,25,WR/wr,3,1,6,2,33.3%,37,18.5,0,2,21,6.2,0.7,12.3,0
430,418,Jason Moore,LAC,24,WR,10,0,5,2,40.0%,43,21.5,0,2,32,8.6,0.2,4.3,0
431,419,Isaac Nauta,DET,22,TE,6,0,3,2,66.7%,13,6.5,0,1,10,4.3,0.3,2.2,0
434,421,Gunner Olszewski,NWE,23,WR,8,0,4,2,50.0%,34,17.0,0,1,29,8.5,0.3,4.3,1
435,422,Elijhaa Penny,NYG,26,RB/rb,16,1,4,2,50.0%,9,4.5,0,0,9,2.3,0.1,0.6,0
436,423,Troymaine Pope,LAC,26,RB,14,0,3,2,66.7%,14,7.0,1,1,13,4.7,0.1,1.0,1
437,424,Eric Saubert,CHI,25,TE,2,0,3,2,66.7%,21,10.5,0,1,11,7.0,1.0,10.5,0
438,425,Da'Mari Scott,NYG,24,WR/wr,5,2,3,2,66.7%,22,11.0,0,2,11,7.3,0.4,4.4,0
440,427,Scott Simonson,NYG,27,TE/te,5,1,2,2,100.0%,11,5.5,0,1,10,5.5,0.4,2.2,0
441,428,Cam Sims,WAS,23,WR/wr,7,1,3,2,66.7%,27,13.5,0,1,15,9.0,0.3,3.9,0
442,429,Mike Thomas,LAR,25,WR,16,0,5,2,40.0%,14,7.0,0,1,9,2.8,0.1,0.9,0
443,430,Levine Toilolo,SFO,28,TE,13,0,2,2,100.0%,10,5.0,0,0,8,5.0,0.2,0.8,0
444,431,Michael Walker,JAX,23,WR,7,0,3,2,66.7%,15,7.5,0,1,9,5.0,0.3,2.1,2
445,432,Trevon Wesco,NYJ,24,TE/te,16,1,3,2,66.7%,47,23.5,0,2,32,15.7,0.1,2.9,0
448,435,Javorius Allen,NYG,28,RB,10,0,2,1,50.0%,9,9.0,0,0,9,4.5,0.1,0.9,0
449,436,Antony Auclair,TAM,26,TE/te,8,5,3,1,33.3%,11,11.0,0,1,11,3.7,0.1,1.4,0
453,440,Ventell Bryant,DAL,23,WR,12,0,1,1,100.0%,15,15.0,1,1,15,15.0,0.1,1.3,0
455,442,Austin Carr,NOR,26,WR/wr,6,3,4,1,25.0%,9,9.0,0,1,9,2.3,0.2,1.5,0
456,443,Sean Culkin,LAC,26,TE/te,4,2,2,1,50.0%,12,12.0,0,1,12,6.0,0.3,3.0,0
458,445,Darrell Daniels,ARI,25,TE,11,0,3,1,33.3%,4,4.0,0,1,4,1.3,0.1,0.4,0
460,447,Rashard Davis,TEN,25,WR,1,0,1,1,100.0%,16,16.0,0,1,16,16.0,1.0,16.0,0
465,451,Quincy Enunwa,NYJ,27,WR/wr,1,1,3,1,33.3%,-4,-4.0,0,0,8,-1.3,1.0,-4.0,1
466,452,Zach Gentry,PIT,23,TE,4,0,1,1,100.0%,4,4.0,0,1,4,4.0,0.3,1.0,0
467,453,Cyril Grayson,TAM,26,WR,2,0,1,1,100.0%,3,3.0,0,0,3,3.0,0.5,1.5,0
468,454,Xavier Grimble,PIT,27,TE/te,3,1,3,1,33.3%,3,3.0,0,0,3,1.0,0.3,1.0,0
469,455,Dwayne Harris,OAK,32,WR,3,0,1,1,100.0%,7,7.0,0,0,7,7.0,0.3,2.3,0
470,456,Chris Herndon,NYJ,23,TE,1,0,2,1,50.0%,7,7.0,0,0,7,3.5,1.0,7.0,0
471,457,Krishawn Hogan,NOR,24,WR,8,0,1,1,100.0%,4,4.0,0,0,4,4.0,0.1,0.5,0
473,459,Charles Jones,JAX,23,TE,4,0,1,1,100.0%,5,5.0,0,0,5,5.0,0.3,1.3,0
474,460,Taiwan Jones,HOU,31,RB,11,0,1,1,100.0%,9,9.0,0,0,9,9.0,0.1,0.8,0
476,462,Ben Koyack,JAX,26,TE/te,11,6,3,1,33.3%,9,9.0,0,0,9,3.0,0.1,0.8,0
477,463,Chris Manhertz,CAR,27,TE/te,15,6,1,1,100.0%,11,11.0,0,1,11,11.0,0.1,0.7,0
478,464,Codey McElroy,TAM,27,WR,1,0,1,1,100.0%,30,30.0,0,1,30,30.0,1.0,30.0,0
480,466,Qadree Ollison,ATL,23,RB,8,0,2,1,50.0%,7,7.0,0,1,7,3.5,0.1,0.9,1
482,468,Paul Perkins,DET,25,RB,4,0,1,1,100.0%,9,9.0,0,0,9,9.0,0.3,2.3,0
483,469,Senorise Perry,BUF,28,RB,11,0,1,1,100.0%,1,1.0,0,0,1,1.0,0.1,0.1,0
488,474,Bo Scarbrough,DET,23,RB/rb,6,5,4,1,25.0%,5,5.0,0,0,5,1.3,0.2,0.8,1
489,475,Dalton Schultz,DAL,23,TE,16,0,2,1,50.0%,6,6.0,0,0,6,3.0,0.1,0.4,0
490,476,Jaleel Scott,BAL,24,WR,3,0,3,1,33.3%,6,6.0,0,0,6,2.0,0.3,2.0,0
492,478,Darrius Shepherd,GNB,24,WR,6,0,2,1,50.0%,1,1.0,0,0,1,0.5,0.2,0.2,1
493,479,Jeff Smith,NYJ,22,WR,1,0,2,1,50.0%,12,12.0,0,1,12,6.0,1.0,12.0,0
496,481,Tyrone Swoopes,SEA,25,TE/te,5,2,1,1,100.0%,5,5.0,0,0,5,5.0,0.2,1.0,0
499,484,Jordan Thomas,HOU,23,TE/te,5,2,3,1,33.3%,8,8.0,0,0,8,2.7,0.2,1.6,0
501,486,John Ursua,SEA,25,WR,3,0,1,1,100.0%,11,11.0,0,1,11,11.0,0.3,3.7,0
503,488,Dwayne Washington,NOR,25,RB,16,0,1,1,100.0%,6,6.0,0,0,6,6.0,0.1,0.4,0
505,490,Kerrith Whyte,PIT,23,RB,6,0,1,1,100.0%,9,9.0,0,1,9,9.0,0.2,1.5,0
